Y_true,Y_no_model,Y_hat_node_nonetwork,Y_hat_node_basic,Y_hat_node_full,Y_hat_edge_nonetwork,Y_hat_edge_basic,Y_hat_edge_full,Y_hat_egoalter_basic,Y_hat_egoalter_full,majority_group_homophily,majority_group_homophily_normalized,sampling,rep
1061.3457743851181,931.7806818475349,1580.7061369274713,1394.1076402338435,1365.9575772482717,858.4339472102781,1004.4634832547832,1150.6191390922686,1129.40270670675,1078.872075121071,0.37905206228039934,-0.4584970538851438,node,1
1061.3457743851181,406.0655984998693,1326.2265788201087,1384.2832645537344,1375.7118703213073,697.6564932616494,871.1029203666089,927.7988389154492,1255.0342296568438,1110.2470843855253,0.37905206228039934,-0.4584970538851438,deg,1
1061.3457743851181,1098.8515485650016,1381.1343987299613,1416.9386548419275,1399.9388056287787,960.6936251189211,1044.4802276866928,1052.281279897073,1287.8481229139602,1146.762440895967,0.37905206228039934,-0.4584970538851438,edge,1
1054.1350850487445,1213.4284575247182,1530.7985212098592,1405.8641761780484,1383.0924940319694,1124.9901090922447,1192.2293227165992,1190.886717239794,1209.0241211691116,1151.4968478285205,0.3764768160888373,-0.46217597701594665,node,2
1054.1350850487445,433.4477943990305,1339.2440771692188,1338.2404110550679,1346.1302499104922,687.8034928559389,834.322292646545,929.1596547266716,1188.3443056359615,1140.8976700557962,0.3764768160888373,-0.46217597701594665,deg,2
1054.1350850487445,1061.1108510950166,1391.2819694824486,1429.599074282514,1412.5899278792333,1021.6182715914774,1024.0845251713472,998.589050505662,1303.4678029196,1165.2228346251002,0.3764768160888373,-0.46217597701594665,edge,2
1048.5811075728107,1026.4194784111762,1455.0523613464256,1320.266952464457,1326.2739616997462,996.8110597978047,981.0422263014365,1031.0587275065668,1191.5001507409743,1171.5368599938445,0.37449325270457523,-0.4650096389934639,node,3
1048.5811075728107,492.96610193697165,1338.021743618729,1339.2588516606208,1333.2106993719958,787.1478167758028,847.7066274243397,878.1409312287815,1211.0496740989934,1112.5844352693653,0.37449325270457523,-0.4650096389934639,deg,3
1048.5811075728107,1181.2288202795858,1328.659354436894,1366.2922051437308,1355.6985780134287,941.0291242929583,1038.7882664449921,1042.9675148001807,1219.6986253394284,1077.9274596261073,0.37449325270457523,-0.4650096389934639,edge,3
1078.585047545967,1088.5505731448882,1696.9589938415688,1575.3575551339281,1525.349366934915,1009.2496417794015,1076.1003227607914,1123.5113081898974,1323.288289590544,1271.8549591765277,0.3852089455521311,-0.4497015063540984,node,4
1078.585047545967,501.78195896387433,1415.229021018856,1430.0446975309076,1420.3151921167414,856.5918299352854,883.529745494522,848.2835482029276,1281.0127309014129,1125.1481346411426,0.3852089455521311,-0.4497015063540984,deg,4
1078.585047545967,1255.7628772730975,1351.9113125013575,1346.7958800485196,1331.2873154431225,1067.7978185874367,1099.8106514825365,1087.1154985171374,1164.3983242722047,1066.38217961005,0.3852089455521311,-0.4497015063540984,edge,4
1057.5422802112737,1218.2572780212931,1546.7674621280544,1431.2859009582264,1341.625330374117,1030.2038675060637,1086.8408779832612,1020.3803973353233,1160.5962163319512,1057.4200265163358,0.37769367150402633,-0.4604376121371052,node,5
1057.5422802112737,410.11765732589885,1253.2311888654026,1282.3369030014849,1276.4984665477652,680.6719279909937,828.2844856004899,898.0056875700875,1111.8568302287176,1026.919603043107,0.37769367150402633,-0.4604376121371052,deg,5
1057.5422802112737,771.2946909547865,1254.852859750843,1282.536564984575,1270.0192467453169,736.0633404105035,792.0675977332147,800.3281572118874,1117.646818739821,1007.5984638037346,0.37769367150402633,-0.4604376121371052,edge,5
1057.8016497945166,978.1793604237105,1508.402380216098,1359.2903337545176,1323.843760610652,941.772137488654,1021.669138759805,1014.6997257383009,1148.7453784454503,1065.4048133576596,0.37778630349804165,-0.4603052807170833,node,6
1057.8016497945166,368.1912155009507,1492.2494113076316,1534.0151262649201,1527.6631550899376,697.3297070689939,717.9569189407179,733.9687560489118,1382.5085089781028,1223.3664646505852,0.37778630349804165,-0.4603052807170833,deg,6
1057.8016497945166,1110.1484732652887,1469.8519522609538,1489.9977961741324,1476.2585427075799,1058.0907817264754,1133.2360048308356,1117.7968814675312,1335.8450789715605,1240.0837068013554,0.37778630349804165,-0.4603052807170833,edge,6
1061.84426479824,1205.544585346836,1739.625298302698,1659.6798687628104,1605.8395790364327,1287.4723888989627,1289.2000996668066,1268.2963056187189,1426.1805913709388,1320.59249053386,0.3792300945708,-0.4582427220417143,node,7
1061.84426479824,495.3129613923241,1360.8783358652136,1427.8040081178497,1402.078563239254,783.2190571197176,907.5895488885601,953.3384726500024,1302.79411148194,1115.024541444601,0.3792300945708,-0.4582427220417143,deg,7
1061.84426479824,887.3272511517034,1362.4857849669124,1370.6637486155457,1362.4485322406942,888.7785237553616,929.7847132451005,919.1142529212493,1186.6058549070979,1100.4616355896426,0.3792300945708,-0.4582427220417143,edge,7
1082.63561192762,1137.578135490235,1611.6662470881379,1476.5698074636236,1432.8072971009258,947.9187235764252,1073.3243246838397,1057.8925733679175,1211.6512537015205,1193.5842721862641,0.38665557568843567,-0.4476348918736633,node,8
1082.63561192762,529.0458408997372,1493.8311661932366,1535.0796621108184,1519.5794651322822,796.2916792723927,944.7078590808419,956.1011124610915,1393.182907865521,1235.6794831128782,0.38665557568843567,-0.4476348918736633,deg,8
1082.63561192762,1170.4669499119282,1438.6391158555664,1468.3783133177303,1455.0139107432983,1063.8388851426068,1176.8677541942413,1195.9796302879126,1336.6303609050506,1197.1647401229998,0.38665557568843567,-0.4476348918736633,edge,8
1060.1106504179143,856.4505629650677,1610.0741893698876,1457.3511772351571,1357.6003806457186,710.1747483569327,767.8128007592081,749.4565832688562,1116.9134641322398,1108.8434185748201,0.3786109465778265,-0.45912721917453353,node,9
1060.1106504179143,473.8051256996318,1309.0427372514055,1326.2164729262724,1326.7982433342277,775.1792369083253,914.9358278546574,1005.8114709313653,1162.7306864619495,1091.2758187544778,0.3786109465778265,-0.45912721917453353,deg,9
1060.1106504179143,961.5319314387776,1313.5905518675183,1335.563390644344,1324.8508927771973,922.2018667123838,979.780509833768,997.5432240778345,1191.0248109068184,1095.6562818827094,0.3786109465778265,-0.45912721917453353,edge,9
1055.8755228174148,830.9534803372487,1548.3542187236926,1360.6192224676238,1311.0612472108044,793.2534754364203,824.0164955013997,812.4596754473791,1170.7780878298904,1092.3410109964368,0.37709840100621955,-0.4612879985625435,node,10
1055.8755228174148,513.0361428629101,1422.1530374600566,1458.0091942010083,1444.3777687348074,893.9074060494831,1026.3322768132268,1090.4947001958785,1339.2865965813426,1190.5319587092158,0.37709840100621955,-0.4612879985625435,deg,10
1055.8755228174148,1324.7825174332386,1420.1900477625877,1476.6869069832796,1466.7049278959605,1101.443318883154,1221.1528986215374,1227.4366791634975,1380.740116129494,1204.0346346264807,0.37709840100621955,-0.4612879985625435,edge,10
1066.4028429923578,1364.7362935740107,1848.230660523693,1745.0152511064086,1657.6350524263548,1348.6355692430334,1353.0180461164564,1354.7890332821435,1464.8715627859751,1363.64546827309,0.3808581582115564,-0.4559169168406337,node,11
1066.4028429923578,501.46860082283365,1432.0317202049685,1442.9517391024674,1417.711825559503,782.3470600590512,980.7855918233626,1031.3405330795254,1294.172323504534,1170.9043003734582,0.3808581582115564,-0.4559169168406337,deg,11
1066.4028429923578,1058.6379409960648,1344.1967208119302,1364.878732030353,1364.292323268552,875.676149450603,931.971628521989,934.5708359500984,1205.0823946131954,1122.5911517592267,0.3808581582115564,-0.4559169168406337,edge,11
1066.4179315110223,936.7082275793933,1604.686847148166,1511.982056787023,1408.7113140190509,855.4826301584678,979.0447584999988,1058.7311625999437,1154.5385512201462,1143.5192614435857,0.3808635469682222,-0.4559092186168254,node,12
1066.4179315110223,651.68050614829,1540.174660221691,1531.3050608891638,1528.1955211047866,786.8417015318742,1151.9282889949777,1396.4143592729772,1413.3994331845236,1315.1050986510502,0.3808635469682222,-0.4559092186168254,deg,12
1066.4179315110223,1169.3459914303162,1481.0279265296751,1472.5951924382023,1473.2729834291035,1117.2206057744513,1202.7737057500678,1209.2782978175355,1292.023035915604,1213.4110834134483,0.3808635469682222,-0.4559092186168254,edge,12
1042.8905308981743,1007.9767446637954,1546.8134545408388,1410.1402263083205,1362.006848082648,883.5254507857168,957.2461863418781,1001.2727025251088,1135.4210606428426,1105.41956502365,0.3724609038922051,-0.46791299443970696,node,13
1042.8905308981743,406.15701682251563,1294.804403257582,1360.5316222577642,1348.3383941886354,720.2759468485167,811.047493446367,811.0431355452836,1209.348023858746,1077.8768692654667,0.3724609038922051,-0.46791299443970696,deg,13
1042.8905308981743,1045.4756649025728,1291.3153835900878,1283.6357440891006,1289.5040902426526,982.8907222391173,1075.4231161927228,1075.4916692874529,1107.6302811850621,1042.3299329951524,0.3724609038922051,-0.46791299443970696,edge,13
1055.999151255788,1217.968610647715,1586.077721594648,1498.6617829808329,1457.3365772076297,1070.5781629854387,1083.4767062824276,1085.7654099034564,1240.1810669174038,1196.0522491044514,0.3771425540199243,-0.46122492282867955,node,14
1055.999151255788,517.8569275125056,1388.4685499893656,1390.3433695135952,1388.072965612055,850.127238579782,930.4982407251567,968.5791701264765,1218.1018580093632,1144.5849378357955,0.3771425540199243,-0.46122492282867955,deg,14
1055.999151255788,948.0684715278044,1210.5174204135353,1228.3737224477775,1219.5890574748908,821.54410601276345,826.4979120694161,831.6117500713679,1082.4536125672298,979.0356146802654,0.3771425540199243,-0.46122492282867955,edge,14
1079.3751558389797,945.3998167165596,1582.7837251498786,1459.2198260842224,1393.9895162981902,1022.5244845602596,1105.2163393190053,1122.2223705150388,1199.1744754362353,1139.7462064802621,0.3854911270853499,-0.4492983898780716,node,15
1079.3751558389797,433.4339661202374,1382.1244751265297,1428.5392620352823,1401.533469977091,649.7169047400189,746.5026142705815,824.4379463905078,1330.3621435785797,1143.9769024501304,0.3854911270853499,-0.4492983898780716,deg,15
1079.3751558389797,1155.4539902540891,1431.6900568389065,1486.2223006571294,1461.208792499684,1047.678953950629,1116.57942267594,1113.756462066975,1416.1751881243645,1198.0418177997285,0.3854911270853499,-0.4492983898780716,edge,15
1034.3557121241847,1148.1297377002336,1631.1096814260088,1502.051769914088,1506.6291117325468,1159.7330533204413,1195.325095759157,1170.306806509245,1305.439995503525,1255.6256118634724,0.369412754330066,-0.4722674938141914,node,16
1034.3557121241847,521.214427299452,1516.055401717123,1567.4898469268412,1556.5878218392418,904.8503123598083,1034.796477169165,1103.6733003135996,1448.2450696337119,1296.4348909448718,0.369412754330066,-0.4722674938141914,deg,16
1034.3557121241847,1098.2860927270779,1285.2396063263775,1304.0652343543163,1302.7865500125079,897.893537674141,945.6859456388282,955.1001138692621,1148.6077419802,1045.36726179193,0.369412754330066,-0.4722674938141914,edge,16
1067.3617789913087,1031.5200383302893,1572.702834662234,1467.2822805211358,1446.9592078100886,1107.619883821862,1174.7842640877445,1166.1728963742864,1232.3117766307826,1175.5395849793226,0.3812006353540388,-0.45542766377994454,node,17
1067.3617789913087,546.6389398919717,1462.5659039197437,1463.1309685590643,1461.3409432785927,878.160789828236,1046.5385397263167,1119.5068529607279,1315.1584141745698,1220.933065474521,0.3812006353540388,-0.45542766377994454,deg,17
1067.3617789913087,882.7804983939627,1395.0985093337258,1397.9787061657457,1385.4912926140703,923.4561636923036,981.5130851910033,993.1950772380036,1236.3723291830167,1131.8064191903238,0.3812006353540388,-0.45542766377994454,edge,17
1039.6950149904908,1275.1702274711045,1629.070887976373,1405.7546597233982,1379.9265170531974,959.6245880624343,1082.0112820056772,1060.3886512294534,1173.6827160161517,1139.4599152278179,0.3713196482108896,-0.4695433596987291,node,18
1039.6950149904908,457.2395551631088,1390.603668707842,1429.3409522325087,1433.2596589251957,750.0111064963231,871.2386917819205,928.5420136414898,1255.1098889986185,1158.1661684837272,0.3713196482108896,-0.4695433596987291,deg,18
1039.6950149904908,974.9878775244453,1322.2802843663576,1352.2768956196237,1345.890647065612,975.0762824235107,991.7143290966509,995.0631837877748,1203.7901707570381,1102.2424118089791,0.3713196482108896,-0.4695433596987291,edge,18
1061.208727419045,1241.130046306659,1610.2186702383785,1497.7868953283748,1432.0527154588144,983.2367670265592,1075.3540597335414,1045.22338586842,1230.0690753610413,1169.2882104092614,0.37900311693537325,-0.4585669758066096,node,19
1061.208727419045,450.3634917436633,1404.2182602604473,1425.888590104935,1430.5960685057428,716.2415900181682,905.2415141184875,1006.2351826560574,1282.9684027812837,1198.8754538383885,0.37900311693537325,-0.4585669758066096,deg,19
1061.208727419045,994.3158301414089,1272.1073845806561,1305.225622687793,1300.0700643338334,910.9448073860398,992.7595901023936,1006.9884676972736,1160.6632609823698,1068.0243283135337,0.37900311693537325,-0.4585669758066096,edge,19
1072.2409904730089,1041.3248410633605,1610.4187574654964,1516.4149545680325,1480.378557193961,1130.770547212054,1125.4011397406766,1133.6479909427787,1271.2140672787364,1209.5133612305206,0.3829432108832175,-0.45293827016683214,node,20
1072.2409904730089,602.0860891251084,1500.5910500227615,1515.513317287331,1498.0141687684097,875.7181024006551,1076.055697611544,1185.5934628576892,1345.5448363005485,1233.4087469543256,0.3829432108832175,-0.45293827016683214,deg,20
1072.2409904730089,931.8359006846475,1418.6566218024323,1407.608100158653,1401.4375982455813,961.9608630163127,970.3938286322957,971.281485197769,1207.2148555108968,1146.2418212703128,0.3829432108832175,-0.45293827016683214,edge,20
1039.1051136523786,990.0210076105769,1622.6208771091042,1500.9928874197485,1454.467731912874,895.0344575000195,934.4417525106091,945.9707728856572,1253.8611773110679,1199.4346552106176,0.3711089691615638,-0.4698443297691946,node,21
1039.1051136523786,357.16531188775673,1382.467878822469,1426.2582886846435,1417.1340268763388,666.7564695620521,762.4236538014625,755.3538814904141,1279.4260283036901,1163.2860579125274,0.3711089691615638,-0.4698443297691946,deg,21
1039.1051136523786,1070.3263883936245,1340.7421444558508,1378.321139902678,1359.5706368814824,947.3130230226064,1021.3580022868184,1017.7966948945295,1246.2049750276606,1090.0645111361075,0.3711089691615638,-0.4698443297691946,edge,21
1058.8409012620339,924.8872254552741,1734.436194468067,1512.8894592085517,1494.2191345605145,1102.0081288631336,1128.1259192408295,1133.183387704847,1315.0746737064726,1245.7386190942118,0.3781574647364407,-0.4597750503765133,node,22
1058.8409012620339,487.1519591396133,1423.6948132753475,1436.0187038417403,1449.483365718068,800.034198732617,827.0278918950817,787.1070733574436,1299.3497424575507,1200.6246629438706,0.3781574647364407,-0.4597750503765133,deg,22
1058.8409012620339,1164.3809521617634,1348.623774787052,1355.1142314542465,1346.707525783209,983.0372649774461,1109.897264854945,1068.9979929374028,1197.5124953458253,1095.7994000712572,0.3781574647364407,-0.4597750503765133,edge,22
1024.3548440592642,1233.6785902336924,1594.8718021772147,1442.6661408887505,1391.9214242785185,1012.9830283529647,1091.9136785682329,1100.9252665586807,1215.5558864445316,1175.589864278584,0.3658410157354515,-0.47736997752078353,node,23
1024.3548440592642,391.4143114546686,1204.6041754362027,1242.1417743665231,1232.0412202793007,590.5828531362786,790.6875863396687,818.2134517632135,1136.2350698511168,975.0076255643726,0.3658410157354515,-0.47736997752078353,deg,23
1024.3548440592642,877.3591407732366,1346.125145859087,1344.8653495038866,1322.6303459208257,831.0762351520098,892.707993026666,881.3925358067581,1193.2817034208772,1056.6115069252833,0.3658410157354515,-0.47736997752078353,edge,23
1035.2725714299731,1120.77438253636,1627.5225623035049,1467.6609626438085,1386.323964727235,822.4098674563277,893.9743975377106,878.4514990589181,1167.4463777899139,1126.5338622824515,0.36974020408213326,-0.4717997084540953,node,24
1035.2725714299731,473.09801167489445,1301.6095089328003,1324.0762591418857,1309.3721406828777,611.0682955498713,768.7302471306185,833.6244034861446,1179.48542067026,1035.8287645861692,0.36974020408213326,-0.4717997084540953,deg,24
1035.2725714299731,967.3780858071794,1351.5400322116936,1376.3298025962863,1392.193385373469,931.3499791217217,976.9413899990755,1006.0434052075464,1244.8873872957558,1146.0032724627338,0.36974020408213326,-0.4717997084540953,edge,24
1060.2199625381313,780.5148719790125,1633.519312828855,1447.1246585708964,1394.6516814480315,790.1596830615856,852.8670175989557,837.6327374899594,1211.7133397235311,1141.8982241997478,0.37864998662076116,-0.4590714476846269,node,25
1060.2199625381313,505.27799826031537,1404.529539129037,1422.9534506964314,1415.4843008905577,805.6960490418237,916.9390983400269,940.0029712055954,1259.8403582314452,1164.5098801816562,0.37864998662076116,-0.4590714476846269,deg,25
1060.2199625381313,971.7231897945668,1434.1945409049872,1470.022036690511,1453.6491433096378,1077.2995042377186,1085.0297922668362,1066.6721734850557,1323.4573925593384,1182.8733889701791,0.37864998662076116,-0.4590714476846269,edge,25
1048.2004758743926,791.2676174548534,1698.7832455315047,1516.4148695127285,1485.2920071391054,859.8531115259758,949.0993004510456,1023.0001745381218,1257.9697953151492,1247.3500167208833,0.37435731281228307,-0.4652038388395956,node,26
1048.2004758743926,456.9411338229253,1318.0858247857025,1331.3236944042917,1321.953533346061,723.9079752133313,816.8957695758551,874.6779301974494,1153.6602171936324,1072.579371191298,0.37435731281228307,-0.4652038388395956,deg,26
1048.2004758743926,1020.3228107330871,1564.7034094697487,1583.6087208763718,1573.9210094686405,1147.6873809359254,1104.8760679291174,1107.1602500370818,1423.6931977909933,1299.595068308616,0.37435731281228307,-0.4652038388395956,edge,26
1068.4183565962132,1078.4678779010067,1553.0518434527266,1528.1178600146864,1460.4109949761487,1103.1936171923041,1181.2170301154624,1172.0479336372434,1233.5742004291667,1236.2290062390869,0.3815779844986476,-0.45488859357336053,node,27
1068.4183565962132,338.0463042477792,1249.4785409796905,1256.0333077227945,1254.6992219975812,726.5442749349583,838.5263684166906,937.1584626907131,1082.7937546384485,1034.7987589097336,0.3815779844986476,-0.45488859357336053,deg,27
1068.4183565962132,979.4521878183355,1358.0077948200903,1405.5419697092539,1388.469799422317,946.2067961679122,973.2251112608445,976.9620889742312,1241.0833392415025,1092.9252243925491,0.3815779844986476,-0.45488859357336053,edge,27
1070.6168617975,895.3462045995053,1664.2660624635068,1502.60100917041,1398.0183000315642,911.0686866372098,1064.0057770622066,1120.4369801591304,1233.0188787723853,1141.0663344106194,0.3823631649276786,-0.4537669072461734,node,28
1070.6168617975,472.1249015406609,1460.1093468756817,1476.6002672407294,1464.4327862264113,725.8599139396928,858.1133658234554,906.6873212661483,1338.9621977120325,1187.1008829315774,0.3823631649276786,-0.4537669072461734,deg,28
1070.6168617975,1325.532874169242,1446.7076654798773,1501.4647559898096,1470.2349716171036,1045.4777032930706,1205.775435071744,1219.6599495776618,1432.4992031847507,1249.3014469868458,0.3823631649276786,-0.4537669072461734,edge,28
1045.2416015699837,1229.7581756355587,1588.9420488088444,1398.5682607572712,1370.586689388485,1082.2589869046708,1132.1438323989582,1142.4982153602566,1142.7392251285564,1103.3628893600749,0.3733005719892799,-0.46671346858674295,node,29
1045.2416015699837,499.55008075457476,1391.3282316812556,1391.6479395848169,1380.356124822204,854.9439479619539,1066.9606829653774,1177.8888707825888,1221.0998329397783,1153.5186412993062,0.3733005719892799,-0.46671346858674295,deg,29
1045.2416015699837,1266.2001580612446,1495.014760754175,1509.344498063243,1512.141668011824,1104.8574588817694,1178.0754779734928,1179.2771244291603,1351.0762851613758,1286.7745976589645,0.3733005719892799,-0.46671346858674295,edge,29
1075.6530942675004,1072.6627419310607,1574.1693433658752,1422.8197623972724,1381.5318850018011,992.9960550431244,1128.7398467216,1144.1202723447864,1148.1159087533435,1130.9144785199685,0.3841618193812501,-0.4511974008839284,node,30
1075.6530942675004,458.0955526736827,1349.6687599649947,1382.8358529675838,1366.423824508597,771.6038392291268,916.824423326244,957.9284780205786,1187.7887533679998,1052.6072288102414,0.3841618193812501,-0.4511974008839284,deg,30
1075.6530942675004,1085.266169723333,1391.5329322785492,1457.6055339399695,1443.673480129586,932.8514667909017,961.2484937579836,1006.5960535807669,1339.686037208548,1179.2256897440416,0.3841618193812501,-0.4511974008839284,edge,30
1094.6431355748186,1107.4552845315256,1659.5696916283648,1503.389530529463,1457.5688586862539,911.2783400124794,1086.9218803121673,1159.4830400621352,1199.093293064646,1210.975676954922,0.39094397699100664,-0.4415086042985619,node,31
1094.6431355748186,509.44560424396633,1428.7468996333823,1488.911727273395,1472.7747186857346,856.7365272142583,903.2918278125359,898.9888715239662,1353.3630526426994,1181.117919332487,0.39094397699100664,-0.4415086042985619,deg,31
1094.6431355748186,921.8647598771337,1418.2692792505347,1454.3248593571664,1451.3860010232352,912.028664524773,993.2431391361126,1004.3526882037236,1316.8878399750197,1146.5650990599656,0.39094397699100664,-0.4415086042985619,edge,31
1033.3284397688676,1072.9134985248565,1640.256118919347,1566.7421237932713,1506.3914247681184,1112.2519492942217,1146.7406074876833,1153.083599429344,1296.736361948769,1231.5582001728126,0.3690458713460241,-0.47279161236282263,node,32
1033.3284397688676,444.9106613001173,1341.0465583155685,1331.2753553201355,1322.2398709808044,661.4240182327793,789.0484580561701,843.7901599738666,1167.25552990766,1066.7048505470207,0.3690458713460241,-0.47279161236282263,deg,32
1033.3284397688676,1467.890727334869,1400.3311314408786,1409.5516178809658,1402.4230827802194,1107.321404908532,1260.8604206679656,1216.0848719959033,1267.5993278325068,1167.3652796390131,0.3690458713460241,-0.47279161236282263,edge,32
1040.4411693626591,1188.5043157544515,1555.2813696738403,1372.9139798831668,1320.766167064527,1029.0470205813083,1115.3416509372337,1110.706758362344,1119.0329258726888,1045.7104299288326,0.37158613191523543,-0.46916266869252077,node,33
1040.4411693626591,481.51768022343435,1455.424801187138,1472.203018611106,1446.3178175947994,752.4632946703695,985.119182407691,1044.3840089529554,1307.4924096374139,1183.9322998827768,0.37158613191523543,-0.46916266869252077,deg,33
1040.4411693626591,1219.542829259241,1370.1160349303384,1389.232182851759,1365.8356684679825,1092.262816566102,1147.8032622463766,1136.267309904846,1221.1494380981464,1078.0641904732292,0.37158613191523543,-0.46916266869252077,edge,33
1029.394999582754,997.0983725529128,1509.8608331454543,1445.7514844867596,1391.008015336829,968.7112998182827,1040.611540673758,1009.3234228922728,1216.5764571343525,1135.2948712389755,0.36764107127955503,-0.47479846960063565,node,34
1029.394999582754,384.2029509875159,1264.1826889389465,1265.7200943056491,1269.5461247035319,632.9434676007227,786.4989687013657,867.9583899941961,1094.214118553985,1009.4686186760881,0.36764107127955503,-0.47479846960063565,deg,34
1029.394999582754,949.0777012140895,1386.244251849622,1402.6767227211292,1392.1057810903555,939.8996516326494,924.2274794194077,930.0691056367313,1213.3719407638437,1096.9995547177375,0.36764107127955503,-0.47479846960063565,edge,34
1042.5760286497832,848.3513834717662,1536.8081282181004,1453.285343510469,1417.5986927847525,863.7391059930375,924.9410409040445,956.0400363170705,1172.2081621510513,1134.488136405374,0.37234858166063683,-0.46807345477051876,node,35
1042.5760286497832,359.1546735500706,1391.3906631182965,1417.0068044234367,1410.5197867219397,600.9728585310808,780.054245876728,901.8553385372238,1255.5389800295586,1136.8354089431862,0.37234858166063683,-0.46807345477051876,deg,35
1042.5760286497832,883.5520389632859,1425.2344549606294,1480.1070021417506,1450.539807877905,871.7406915239723,941.0476425978405,942.2954491635404,1372.59941782025,1208.2444688581134,0.37234858166063683,-0.46807345477051876,edge,35
1055.7627238818177,922.5094819426662,1472.0984620184856,1345.7762740900357,1290.0520802975732,786.5529451567241,872.5180969243622,916.3616816061417,1115.5012456053541,1067.4395959547426,0.37705811567207775,-0.4613455490398889,node,36
1055.7627238818177,431.58636164797787,1295.348659501521,1296.090761518036,1280.6218958041118,676.4310532801663,744.4508333945918,760.3816168378014,1112.9581780657315,994.8381543759716,0.37705811567207775,-0.4613455490398889,deg,36
1055.7627238818177,643.7121049178179,1315.8683540171926,1365.1220447057754,1356.5160226176113,786.3982996383664,804.8216017221465,821.7360290421141,1226.604742692288,1050.1569659292554,0.37705811567207775,-0.4613455490398889,edge,36
1004.3067061384161,1057.158427714729,1646.9684485281723,1374.1117031264453,1296.9507747454113,856.7521826341155,971.788921838068,902.5156719003297,1063.2948883721574,1039.1917185579748,0.35868096647800574,-0.4875986193171346,node,37
1004.3067061384161,401.63975808383685,1233.6165427105057,1235.0318309846248,1231.5957167982835,676.3344941921727,863.1857054510103,939.2315289174932,1054.0997793542015,969.0351411357592,0.35868096647800574,-0.4875986193171346,deg,37
1004.3067061384161,1175.4708728002613,1401.7604656385854,1446.784632238173,1440.4164729924937,1007.0731368006927,1107.9927502812839,1125.794128583646,1284.1945940457192,1164.8191876677877,0.35868096647800574,-0.4875986193171346,edge,37
1051.9791282469325,1117.5643923016648,1530.135665092387,1385.2818292040195,1340.4848251868636,953.5375035595475,1085.0708967241992,1125.0093052793538,1171.83953041966,1132.5729308185523,0.3757068315167616,-0.46327595497605484,node,38
1051.9791282469325,540.106123473384,1483.5278159750137,1471.0380385815417,1464.910558136234,657.3962269727517,935.9306362074884,1128.0739105739626,1390.774094204837,1263.8744601521698,0.3757068315167616,-0.46327595497605484,deg,38
1051.9791282469325,1274.3225709138915,1540.9380456615668,1545.4875555958586,1528.6759043713157,1157.8193607202372,1255.2523404971178,1254.2845114825739,1410.677296384387,1264.4691373156852,0.3757068315167616,-0.46327595497605484,edge,38
1077.5013315722076,1213.9247122694876,1595.253210188441,1435.8000192652846,1393.1631731529394,1023.3343868637157,1127.5976423765874,1153.172734487361,1215.980543186131,1184.7513769814836,0.38482190413293127,-0.45025442266724103,node,39
1077.5013315722076,512.7457046119572,1455.1452804980713,1471.8325432880608,1466.0436284147986,733.5225007003569,932.7572974473745,1000.9621619308319,1352.8217443924207,1242.2365610799136,0.38482190413293127,-0.45025442266724103,deg,39
1077.5013315722076,1069.286040761288,1395.2133162532718,1420.0372275281743,1427.2609944701182,926.6867602696143,1020.2834027739519,1077.8309710285898,1301.0834215228376,1188.8404988945792,0.38482190413293127,-0.45025442266724103,edge,39
1065.0703853335647,1420.763147121977,1609.5117289040006,1431.6542737489738,1381.314440740065,1057.432667873897,1126.9174179237855,1115.354751151413,1219.488533588585,1165.6274216197899,0.3803822804762731,-0.45659674217675267,node,40
1065.0703853335647,442.97555687776213,1366.7857370005026,1406.0251534249742,1400.03204535008,710.9070723073654,907.5148051982452,1003.8778401250245,1228.8216182271958,1146.120915377447,0.3803822804762731,-0.45659674217675267,deg,40
1065.0703853335647,660.7891122572696,1245.985526093329,1272.194417688964,1247.2772579868606,774.476313098882,779.5033528058541,774.5578331960993,1141.9018480191646,1020.2103849912367,0.3803822804762731,-0.45659674217675267,edge,40
1054.0641301784362,1100.158394513105,1583.3475698581105,1493.135128988477,1462.9311715776573,1081.1768087981939,1162.7575781635114,1194.6559088371318,1260.5198912141475,1239.9974876799756,0.3764514750637272,-0.46221217848038965,node,41
1054.0641301784362,378.7766482844658,1373.3676278300022,1431.8329803058361,1410.985447968591,564.7738490901327,785.7578768146476,979.3545817710315,1297.605925641027,1112.401812650719,0.3764514750637272,-0.46221217848038965,deg,41
1054.0641301784362,1048.668310495837,1433.1530319627443,1453.1282518100516,1430.9810038880355,975.7886023910628,1041.116398150704,1059.6276880234495,1323.4449909336595,1155.1413786609137,0.3764514750637272,-0.46221217848038965,edge,41
1010.9492066677407,1193.0926764849808,1382.8566359638216,1192.784814864123,1156.573821449863,912.7630177166966,1002.1763893369844,1006.6568309301712,938.7715629905072,901.7138886511511,0.36105328809562165,-0.4842095884348262,node,42
1010.9492066677407,453.04756977167165,1319.6278214209235,1338.1481594829415,1333.147967033414,693.4300761688725,766.1332504753053,761.939733598411,1198.5461833455038,1087.3682137986555,0.36105328809562165,-0.4842095884348262,deg,42
1010.9492066677407,1157.179542481015,1334.4182764443365,1336.6438231136444,1332.4681746346414,1006.7890307931918,1091.5573957668673,1075.5760899642246,1166.2299588015414,1075.9726871014989,0.36105328809562165,-0.4842095884348262,edge,42
1054.057319324063,1003.67074406266,1508.176170784808,1365.7360898217391,1283.6910545931792,882.7664806323742,968.0946664753143,984.7190211052721,1082.3416787919941,1032.6217198157103,0.37644904261573675,-0.46221565340609033,node,43
1054.057319324063,444.92565390960567,1386.306932683021,1434.0395233404793,1429.4715938177847,765.9808453309712,836.563473124212,871.6455059226085,1313.4680177810765,1161.3150104185356,0.37644904261573675,-0.46221565340609033,deg,43
1054.057319324063,1320.7715011877815,1432.705015123784,1479.6857026612765,1483.6066171158861,1104.8960339846399,1157.0575963853837,1192.9117559442152,1366.632742821095,1180.7803283280718,0.37644904261573675,-0.46221565340609033,edge,43
1049.2482914051932,1119.333780669906,1640.7951084403824,1605.2552901694633,1462.5220866747345,997.1064810801059,1076.42638072501,986.1897576422228,1305.2325349967196,1182.2912368894363,0.3747315326447119,-0.464669239078983,node,44
1049.2482914051932,480.5185386358519,1390.717387776096,1401.0406128891066,1383.43422977603,790.1731104051422,994.3598475136163,1139.2620718736953,1243.7413439951272,1109.848557582306,0.3747315326447119,-0.464669239078983,deg,44
1049.2482914051932,1234.2610447848576,1443.48813360754,1445.4474468741546,1437.149994047366,1068.6107320423264,1128.5279751854634,1129.0538677182356,1259.92312646456,1160.636903525309,0.3747315326447119,-0.464669239078983,edge,44
1080.1421946954435,1171.9123941134708,1642.8071282068472,1438.5998653319052,1431.3947694109588,1109.5257310101929,1191.3175435816288,1184.064154716969,1271.4540097545496,1208.6099748668628,0.38576506953408696,-0.44890704352273286,node,45
1080.1421946954435,445.9758908552961,1371.584667154026,1413.981132453641,1399.987698148234,758.1063371989728,899.2240482922676,987.5767642301869,1251.041332351084,1103.5593313632896,0.38576506953408696,-0.44890704352273286,deg,45
1080.1421946954435,1274.0421836439766,1485.087815462025,1501.5350950577072,1490.9864584516904,1113.7175449041106,1184.4142147743867,1163.8929115519795,1345.558150931651,1218.136112411918,0.38576506953408696,-0.44890704352273286,edge,45
1058.3104529928796,1046.245224909205,1659.9640327178788,1482.6996533467006,1420.1356513079854,1025.8534736169258,1101.3869146974205,1120.8906140431147,1236.2448526027329,1158.8083662854876,0.37796801892602844,-0.4600456872485308,node,46
1058.3104529928796,573.957622985967,1564.7916781338297,1597.2917788079308,1580.2309124191654,900.0478859065321,1127.3031689329896,1171.5923889668666,1479.7794877754868,1307.3704236152446,0.37796801892602844,-0.4600456872485308,deg,46
1058.3104529928796,973.1081118106181,1362.144397322568,1394.96602646472,1393.2072268358702,982.270509081156,1089.711303671729,1072.0826118647449,1286.5445303116169,1169.7245611404003,0.37796801892602844,-0.4600456872485308,edge,46
1068.2087710356266,821.4285362854846,1468.6987707618891,1393.246259324374,1447.9008544441936,1008.2364984378079,1017.0360910643129,1019.9897427819047,1236.6682719348553,1169.2256720257365,0.3815031325127238,-0.45499552498182316,node,47
1068.2087710356266,453.8524362989888,1411.6537335005878,1459.125197653634,1443.8066022039022,742.4224003785451,923.3634400826566,972.8318225134374,1315.400393941992,1159.808144945755,0.3815031325127238,-0.45499552498182316,deg,47
1068.2087710356266,1047.1358940460514,1316.2432899449302,1338.2079597651475,1333.0536803430314,960.8333700489686,1010.1914915943737,1025.328107350985,1167.258092136181,1056.1862923168587,0.3815031325127238,-0.45499552498182316,edge,47
1035.8691097285885,1074.3325513188527,1402.0199301169973,1324.3926348341163,1295.026038277387,950.6172518581136,1027.895766084636,1053.9421818577812,1117.7476305907876,1057.2748156220057,0.36995325347449587,-0.47149535217929156,node,48
1035.8691097285885,412.62734634160887,1343.0417689020785,1346.1881422659476,1351.4605645195345,700.772855424912,814.5345282492041,880.8456783125341,1212.541082956075,1129.1980753447099,0.36995325347449587,-0.47149535217929156,deg,48
1035.8691097285885,926.2264283968362,1373.7962596109164,1403.1075077804203,1363.3812810933293,915.7136034105538,970.9608679462385,941.2245357973977,1244.3596428033723,1075.6013572527563,0.36995325347449587,-0.47149535217929156,edge,48
1032.9555453800547,1205.720783346706,1535.4815847768757,1467.9090152326098,1376.7564048029594,960.4325828094983,1022.2488719179217,985.0914851847928,1213.1549422303003,1126.3802904317401,0.36891269477859095,-0.4729818646020129,node,49
1032.9555453800547,470.436683631365,1298.8671167197015,1310.8636146633205,1309.9598494584868,705.1012551164777,767.2988064133498,775.6410199185761,1146.4689160109197,1047.5589585435293,0.36891269477859095,-0.4729818646020129,deg,49
1032.9555453800547,1251.1568332022123,1449.000632614777,1472.8113109296114,1453.0938320718587,1109.0184437266885,1155.3755634637,1185.5402686247473,1351.47266626094,1238.615775504543,0.36891269477859095,-0.4729818646020129,edge,49
1030.9891413210462,990.1860624084065,1486.8078825852438,1327.5975664855196,1289.5894924703982,903.6221907047999,929.1813645339926,913.776760353598,1112.117566798735,1054.4426220916719,0.36821040761465934,-0.47398513197905806,node,50
1030.9891413210462,420.0848575899653,1369.5373818438868,1418.987825220889,1405.2119620255519,771.4922188430171,945.2087771323484,1004.2244675626845,1262.2186739166734,1141.22657165634,0.36821040761465934,-0.47398513197905806,deg,50
1030.9891413210462,1180.2034041067793,1429.6707980186482,1478.7343987139495,1472.1426373410516,1065.1757334841348,1120.4005374556998,1111.1545301155552,1327.1488803157283,1194.1641788388852,0.36821040761465934,-0.47398513197905806,edge,50
1018.0220761884402,1027.7635930006184,1586.787407638428,1416.2198281490198,1366.3647809078113,978.8858473247909,1056.3174175947204,1045.313419328501,1195.8787556199452,1118.7478763141019,0.36357931292444295,-0.48060098153651004,node,51
1018.0220761884402,462.3036404082958,1311.1437338479566,1327.3605107309659,1319.516640951039,640.5402063560446,856.9910250388775,1030.5270797299763,1169.6309480930224,1053.426918671704,0.36357931292444295,-0.48060098153651004,deg,51
1018.0220761884402,772.9691182437148,1358.0617204853627,1412.5139718079358,1405.721690685226,840.1900812495603,911.7487700347262,909.5217599639766,1235.3571894911415,1106.7413474854725,0.36357931292444295,-0.48060098153651004,edge,51
1058.7316226057385,957.6651217439837,1671.0100802216384,1490.2221158982895,1458.9136406479306,1014.4822718347066,1073.100021057299,1060.2344819960954,1256.1355032786023,1165.2762997792183,0.37811843664490663,-0.4598308047929905,node,52
1058.7316226057385,435.51697664301025,1367.3014026326587,1376.3553204457212,1370.7837238291438,907.2438562659186,900.6504046461483,875.1126044133892,1236.1945366529517,1130.9642201270656,0.37811843664490663,-0.4598308047929905,deg,52
1058.7316226057385,883.3883830653415,1402.2607174164743,1419.4536298510739,1415.1668481736954,920.8376119844519,973.1781868357045,989.3511287962441,1255.0745299451019,1117.745201634335,0.37811843664490663,-0.4598308047929905,edge,52
1076.308022208385,1023.3536849420925,1486.352352585251,1429.7447502720722,1376.89895129519,1038.9246445512345,1060.5042208950072,1089.1341108390916,1158.688530439157,1110.093986488722,0.38439572221728036,-0.45086325397531374,node,53
1076.308022208385,443.2508527488187,1448.6341336063153,1466.783439889692,1464.626195531915,708.0119721893298,939.1710497081787,1086.5430183072745,1324.3110544673948,1241.6950122173703,0.38439572221728036,-0.45086325397531374,deg,53
1076.308022208385,1147.8737298186365,1415.1761024269333,1476.316678447057,1462.2467830983026,1056.8226870537055,1102.975298541904,1144.9139154517443,1372.0420303999074,1215.5432774747094,0.38439572221728036,-0.45086325397531374,edge,53
1060.6789400507205,960.8018358283822,1616.870725816662,1543.7171533971114,1515.474347431887,1068.1962394729478,1192.446688755286,1244.109573269446,1299.6632310135399,1257.041106165406,0.3788139071609716,-0.4588372754843263,node,54
1060.6789400507205,526.8611000412966,1346.99760997128,1373.4948456685902,1371.6901655742606,735.5901847793937,901.3272385103296,957.5594124502912,1224.8283260809812,1076.9332742808037,0.3788139071609716,-0.4588372754843263,deg,54
1060.6789400507205,1067.4938459537323,1351.0914296645112,1394.0664569782107,1381.548214971531,949.4970874824897,1028.7014783222369,1018.2707836863727,1257.0135737996643,1106.4646851810485,0.3788139071609716,-0.4588372754843263,edge,54
1027.7910448969717,900.5152907486672,1591.162849539432,1367.351337905719,1315.8889564607496,858.1538941646569,932.7100986786113,880.4813934445182,1142.6491938980319,1077.616728633038,0.367068230320347,-0.47561681382807564,node,55
1027.7910448969717,368.2815104746172,1234.082700006445,1297.022946797002,1280.1594551888495,636.3257194378034,731.0830588225245,748.9449386161021,1130.378772852013,1009.3579735775229,0.367068230320347,-0.47561681382807564,deg,55
1027.7910448969717,962.3638631757236,1327.8427526851983,1363.71972371084,1367.1092529342495,826.8029437788871,864.0269589327465,858.9735221228937,1149.5434684684556,1041.5294382732657,0.367068230320347,-0.47561681382807564,edge,55
1036.681843139243,984.7600038535428,1536.8021619422634,1421.8439559417184,1357.3233943067264,827.1402197005413,865.4502964831386,852.8831645500557,1169.0625345168269,1115.252215484128,0.3702435154068725,-0.4710806922758964,node,56
1036.681843139243,388.12410992139803,1243.2558491890125,1276.2411141452194,1282.9363511696583,700.762251547018,751.7290265309015,771.1129481538356,1116.257917974687,1047.6336452938463,0.3702435154068725,-0.4710806922758964,deg,56
1036.681843139243,936.0880974355742,1212.9890884452177,1234.018259264891,1234.6450440867602,835.3629182153038,899.5966548911499,907.4307323876101,1074.3057689487243,1018.003538873928,0.3702435154068725,-0.4710806922758964,edge,56
1074.1362763843688,1254.9284774945952,1677.6273063316378,1519.5304310633328,1410.2300545402888,1023.9541127310692,1080.489366208246,1100.458840384013,1241.808563701514,1160.7471298376702,0.3836200987087031,-0.4519712875589955,node,57
1074.1362763843688,570.2995679192059,1439.80655012525,1435.824295589158,1419.987386090642,801.072530833488,978.6510441208972,1040.176295805298,1312.9459349859155,1174.332295766257,0.3836200987087031,-0.4519712875589955,deg,57
1074.1362763843688,1156.9793883877098,1464.687334578217,1491.0610376419309,1490.33423466585,1118.8043337091055,1233.150282886879,1227.3633506374842,1335.0247612188095,1195.8724139137978,0.3836200987087031,-0.4519712875589955,edge,57
1077.4264443038148,1164.866261984265,1628.1116280924375,1466.4378492834146,1413.3733905649658,1056.187613057875,1168.6311180570697,1169.0123633499243,1238.1990668411647,1184.3844118927166,0.38479515867993386,-0.45029263045723733,node,58
1077.4264443038148,432.62252008366386,1344.3343428085502,1410.1540409884053,1388.5028164991052,659.7810847239709,876.4962142813434,937.1130458960843,1281.1927136832867,1104.5349837336378,0.38479515867993386,-0.45029263045723733,deg,58
1077.4264443038148,1066.1946421445577,1424.4670864354134,1461.6478666746684,1455.53502389844,1027.7139471061057,1112.1528687791852,1109.2635358975092,1327.7067653658817,1179.1896277953776,0.38479515867993386,-0.45029263045723733,edge,58
1035.8736472587882,991.8096393021225,1643.0559199147801,1485.3310197252267,1358.1711979589036,855.2101384738825,979.3659199931063,1024.1463578620671,1167.009960438899,1126.4697774536403,0.3699548740209958,-0.4714930371128631,node,59
1035.8736472587882,486.8939699438998,1457.3648334953787,1477.5476234973253,1465.3391056040655,893.5138403805245,1046.771836161227,1088.226024205496,1315.4597806917425,1181.5873354055973,0.3699548740209958,-0.4714930371128631,deg,59
1035.8736472587882,961.3825104014459,1464.9944994362081,1493.4631896631338,1472.7685129518215,1084.9401542092987,1126.4960402359102,1114.3761258544764,1362.833268394455,1193.7719601149165,0.3699548740209958,-0.4714930371128631,edge,59
1045.3701165752977,1006.01804793376,1517.4041485424016,1336.8210943474578,1289.1934452424698,903.3042716473093,941.4287282106683,881.6835242198699,1088.1161402806058,1025.6115476073198,0.37334647020546347,-0.46664789970648074,node,60
1045.3701165752977,498.5117995775248,1326.8456949878732,1306.5282050582282,1299.5979552589968,686.317190178778,865.7489688068761,914.1993080570422,1107.6698974147005,1058.6600497434097,0.37334647020546347,-0.46664789970648074,deg,60
1045.3701165752977,1252.5627146759975,1331.1656636574653,1362.2610809409027,1339.426374946788,1092.7115788149324,1151.6414791345462,1153.9301933601578,1248.920381206461,1117.6190367204163,0.37334647020546347,-0.46664789970648074,edge,60
1085.2742135252424,1230.414133944345,1534.9591578095249,1493.0756461092012,1456.398599674647,1096.9253242199532,1136.065410840195,1114.8770160758736,1297.273471116086,1224.8965652752706,0.3875979334018723,-0.4462886665687538,node,61
1085.2742135252424,477.1771539886421,1395.6047132751646,1399.3059503287222,1391.378444159897,819.8036191944693,936.3111804676261,980.8970809023407,1252.0782134602755,1163.2123021672403,0.3875979334018723,-0.4462886665687538,deg,61
1085.2742135252424,1104.6941523434011,1420.9149134326487,1410.3849746256653,1405.4184930242752,1121.3898990878336,1141.3412050585955,1128.9090784608575,1255.7534302234176,1152.694424490293,0.3875979334018723,-0.4462886665687538,edge,61
1078.367272538117,966.3057003010979,1645.0548466110126,1558.2627823332787,1506.734476633668,979.678484528091,1042.9703441254674,1031.839830886661,1340.4174582651417,1259.7355870091133,0.38513116876361325,-0.44981261605198103,node,62
1078.367272538117,419.0992492701625,1353.568546358935,1360.4238652861518,1337.3266306049275,619.4467991026476,772.5583478788419,851.1306419706896,1209.2473017761306,1076.5912140158578,0.38513116876361325,-0.44981261605198103,deg,62
1078.367272538117,1203.851506462596,1453.9082366787848,1458.4107648406132,1435.5426286933305,1132.464196031955,1165.8970119941075,1161.594501210039,1333.8371154792285,1192.4010996729178,0.38513116876361325,-0.44981261605198103,edge,62
1062.5454072061916,970.4249751869235,1546.8498901260655,1458.8048407246806,1452.8178115772039,1056.5293977971894,1014.9877398574216,1000.2048860017512,1270.3107798473172,1204.7917380760352,0.37948050257363986,-0.4578849963233716,node,63
1062.5454072061916,531.5840106057963,1356.8513282801443,1401.5661232975513,1390.824515820581,796.4403379655827,1030.2520463088595,1166.0905480061122,1282.6160763210862,1147.426290589651,0.37948050257363986,-0.4578849963233716,deg,63
1062.5454072061916,1103.3238764899072,1375.719462405235,1396.051181528747,1390.5740209862279,1017.3469652473738,1112.9775992487628,1102.3700381977783,1272.617897137919,1146.278477338716,0.37948050257363986,-0.4578849963233716,edge,63
1040.9350448720356,1502.627559330566,1685.238179285146,1563.5179811695343,1448.1083978454053,1221.756096188758,1307.6282135398005,1262.1882977412256,1301.3022735419627,1212.391948269191,0.371762516025727,-0.4689106913918185,node,64
1040.9350448720356,531.4535348563106,1266.310104254625,1277.8501461191672,1251.2667318735566,659.7499701559059,918.118331065057,1056.5558545771694,1147.7980670185893,1002.6650638121232,0.371762516025727,-0.4689106913918185,deg,64
1040.9350448720356,1044.5184135014204,1497.3342773128616,1510.8269643608191,1479.0027833636043,956.523072367375,1043.739269473034,1023.1418395768196,1345.0714309331258,1212.8482945897558,0.371762516025727,-0.4689106913918185,edge,64
1054.5705993211634,1000.223049072405,1418.2611864958897,1298.358227394355,1249.9351838771286,866.1758716766352,938.8125221241212,942.3756555821006,1056.2641168889008,1065.5220825560593,0.3766323569004155,-0.46195377585654923,node,65
1054.5705993211634,402.62202567124007,1361.0398722369441,1426.4906322416098,1412.9029032759443,677.4523569315386,919.7962540301879,1013.6339485000163,1307.4043491994685,1148.5440232245114,0.3766323569004155,-0.46195377585654923,deg,65
1054.5705993211634,1042.0680245153987,1415.195321330326,1441.907446762339,1440.3465458737428,1033.3056502586712,1144.3736573837996,1140.226098735254,1301.7492930674002,1189.7723242737768,0.3766323569004155,-0.46195377585654923,edge,65
1038.4630627849233,844.9030437929301,1483.1971087578495,1364.2718027978065,1342.0192916601159,934.9499750737245,975.764393084015,965.6173783470526,1159.3866113773008,1113.573916046939,0.37087966528032973,-0.47017190674238607,node,66
1038.4630627849233,449.7934801197897,1382.955587925387,1385.9126939464352,1374.3742803063553,744.6653380553648,884.0693935487109,926.0087481273157,1178.7617139799695,1083.8813401010423,0.37087966528032973,-0.47017190674238607,deg,66
1038.4630627849233,969.0691245038107,1421.095209221801,1423.6830298642215,1418.9780918776091,912.9503322417096,977.5654316933274,967.6055041742092,1229.1815311644418,1130.4629109324517,0.37087966528032973,-0.47017190674238607,edge,66
1042.4770045755001,1176.7898274426755,1609.6569000505476,1508.5980546224055,1454.009825134916,1068.8257483883015,1179.0929638327673,1185.0418970737162,1251.2531470979832,1207.4014157044585,0.37231321591982147,-0.46812397725739785,node,67
1042.4770045755001,463.1300563189642,1547.232894807337,1573.7485510619406,1569.7062812956408,745.2672632211257,972.2679799180385,1151.829610330405,1442.0231285308887,1298.1375203775647,0.37231321591982147,-0.46812397725739785,deg,67
1042.4770045755001,1210.4449837567454,1433.080076248333,1436.9884079492283,1431.4655599464684,978.7290048536651,1116.7727910954602,1114.9803098782063,1315.082350263253,1171.3357295831731,0.37231321591982147,-0.46812397725739785,edge,67
1062.3552483838978,1072.3511028745095,1730.6580026025968,1512.6471094164879,1467.609818808279,992.8368862649966,1235.958405885488,1298.9379557737184,1298.7345714485014,1262.436387952691,0.37941258870853495,-0.4579820161306643,node,68
1062.3552483838978,444.08129793031674,1422.3956556434696,1456.7074741324222,1452.0234270093263,635.1832098603464,863.5640580513315,1013.1321753433045,1332.3240125834714,1213.6943093907214,0.37941258870853495,-0.4579820161306643,deg,68
1062.3552483838978,1223.9323577823839,1366.3172280244728,1396.5247602338663,1386.188563664958,1089.902785053152,1166.9722417461537,1137.597584828227,1267.2273029432547,1127.639175585397,0.37941258870853495,-0.4579820161306643,edge,68
1019.0750431802196,1103.6590280179562,1574.91721940994,1482.2924904400961,1425.0384059379044,915.246962070668,1010.01526406483,1042.7690871765824,1166.9221543839749,1174.2483926242967,0.36395537256436417,-0.4800637534794797,node,69
1019.0750431802196,437.8068845417867,1279.1293291012241,1314.7604989873782,1319.4251060979002,690.0859781242024,877.6951220177524,1020.7183273097638,1125.7603562857257,1023.3047457676327,0.36395537256436417,-0.4800637534794797,deg,69
1019.0750431802196,912.7534741497034,1425.8309941158568,1461.7887872676754,1461.7140692899097,966.3599172989542,1075.4973902681274,1072.30515496628,1294.0948442305285,1197.480758412083,0.36395537256436417,-0.4800637534794797,edge,69
1039.7073603202437,980.6154091019721,1586.7460220980258,1468.5540495231116,1411.4010229149437,962.7885173928019,1040.2464232765853,1032.593337597597,1256.5878695052052,1161.2083470328855,0.3713240572572299,-0.4695370610611001,node,70
1039.7073603202437,531.1383498182578,1378.8370152427228,1408.5335572131685,1395.2904605099716,714.0888125643547,898.5624574952524,962.3984545125519,1264.6281114252117,1133.1457710841871,0.3713240572572299,-0.4695370610611001,deg,70
1039.7073603202437,1176.0343698424588,1346.545366548186,1378.6300226943163,1368.4100802762393,1010.709704224782,1080.6096745213226,1064.5839041325612,1247.5249751687486,1104.6230229267949,0.3713240572572299,-0.4695370610611001,edge,70
1044.8078027174108,911.6248144577013,1580.531399277132,1413.587187631219,1350.3304496566604,884.4580297805338,1030.1225613893291,1111.7425103309072,1132.4211115991645,1114.3288076426234,0.3731456438276467,-0.46693479453193326,node,71
1044.8078027174108,520.8543956985549,1429.3685531394956,1431.9861287400238,1410.747298756196,759.3572068543505,919.7427563683738,1005.741313351715,1250.987289322539,1126.8603100091495,0.3731456438276467,-0.46693479453193326,deg,71
1044.8078027174108,1275.9930264389748,1416.2531842998644,1449.5555318341621,1447.4842541451596,1091.028737796798,1171.7722713240407,1169.510195284018,1289.9398479876525,1160.2535894790442,0.3731456438276467,-0.46693479453193326,edge,71
1040.5664973712687,988.9621526403455,1549.3382837360036,1437.0872781533444,1405.491591168807,999.2829825941019,1005.8674900274997,1007.1863110511139,1209.5985100513778,1149.7277261477768,0.3716308919183103,-0.4690987258309853,node,72
1040.5664973712687,435.26185674622576,1259.5882204264126,1322.6657787042814,1300.2215138264369,658.0216884595301,823.2444307758326,882.3330788478333,1191.5955416948602,1070.3480299261887,0.3716308919183103,-0.4690987258309853,deg,72
1040.5664973712687,1047.2416944767392,1313.8200043679883,1298.7519337675044,1311.5479329139189,934.0366216398023,1026.0164230643284,1047.4122105097424,1147.9430607288084,1120.5757072961017,0.3716308919183103,-0.4690987258309853,edge,72
1061.0463747025794,1149.0606504456666,1627.415153979033,1479.6460426056824,1439.2730442855573,1024.7964644474037,1098.3084968941619,1097.3967885432191,1258.4859479276279,1183.0632935334029,0.3789451338223498,-0.45864980882521456,node,73
1061.0463747025794,476.5691173688344,1432.6955704548152,1468.2997134869456,1484.545838237496,713.7830525276595,862.2732767918764,937.8326628982494,1346.9949859392868,1219.8215037996604,0.3789451338223498,-0.45864980882521456,deg,73
1061.0463747025794,1233.3699985419387,1437.2667932997113,1443.3118852398848,1434.175183913319,1121.5670155452476,1191.807119075074,1192.5222792748755,1316.7658587233896,1187.8746033173306,0.3789451338223498,-0.45864980882521456,edge,73
1068.696032903299,874.0609621536187,1559.8819913242046,1342.4633728999806,1333.3248161597605,858.0315047898488,879.0770188993667,874.7911964777969,1158.0956073250504,1102.7381016941235,0.3816771546083211,-0.45474692198811273,node,74
1068.696032903299,484.23823819903464,1454.2780312197442,1498.1848597580238,1489.148455432728,803.3532238473152,970.0096171084425,973.8975329329875,1363.3353307620491,1225.0568998846384,0.3816771546083211,-0.45474692198811273,deg,74
1068.696032903299,993.4189937289093,1477.5570519774456,1540.269263014917,1523.0215531519764,1047.655113551494,1130.9051674093919,1138.8981097194444,1415.7888434594863,1218.2683945963865,0.3816771546083211,-0.45474692198811273,edge,74
1022.6756876532927,1027.550146691127,1656.6876725887644,1512.9689019085242,1457.920617447807,990.6233271284472,1044.68023827896,1087.230198303302,1275.081428056579,1234.234364057431,0.3652413170190331,-0.4782266899728098,node,75
1022.6756876532927,519.9471766117107,1342.0027731861865,1350.4045739299074,1344.2846860257855,724.9527041261862,866.4900148711663,906.3964487760861,1196.0136933505119,1122.9732518193516,0.3652413170190331,-0.4782266899728098,deg,75
1022.6756876532927,895.6620356552098,1254.6152019438623,1280.1733974766018,1280.029182494049,804.3275250403816,836.3124173448439,855.3981180185384,1107.3350374787578,994.5094126557058,0.3652413170190331,-0.4782266899728098,edge,75
1067.035162619209,1083.0938169704125,1666.4820496982186,1497.6180969129305,1482.0320580707298,1107.8795160682425,1182.0591723015048,1194.1950575482376,1288.728845962283,1227.0505049378573,0.3810839866497175,-0.45559430478611784,node,76
1067.035162619209,481.4678602314405,1308.6301514497104,1312.9374177166014,1306.6098567991476,660.0679023946329,917.1537985190282,1043.2407145456305,1182.125825422472,1074.2341742868318,0.3810839866497175,-0.45559430478611784,deg,76
1067.035162619209,1193.4747794124307,1477.8611930186191,1454.481776981591,1427.5722577709478,1066.8369454677706,1125.7270859351372,1119.5626763834684,1303.1743768175634,1199.5361762948103,0.3810839866497175,-0.45559430478611784,edge,76
1071.5417198293885,1354.1465458048472,1630.053420897266,1428.0506363539182,1419.077248302352,1047.4414745120278,1101.7198581868886,1050.7740516707986,1243.1857796443207,1151.8198176059261,0.38269347136763876,-0.4532950409033732,node,77
1071.5417198293885,514.7145918330283,1388.0382903508323,1383.909917067312,1383.777143738369,767.7964650031608,993.7548061205033,1117.8063280118763,1205.6867718653816,1122.5187138952967,0.38269347136763876,-0.4532950409033732,deg,77
1071.5417198293885,1207.81864014498,1406.1930847534352,1420.1383980350893,1419.625811043237,1068.7201688138364,1170.1677545115913,1177.907715782318,1262.5225170802842,1155.6939352220254,0.38269347136763876,-0.4532950409033732,edge,77
1068.0511118791023,1000.4149374691324,1636.074239997352,1527.546387008031,1455.987873076324,969.2544215206012,1056.9068409493957,1052.8191094310002,1269.7655109416585,1210.2287639393858,0.381446825671108,-0.4550759633269886,node,78
1068.0511118791023,451.0353721592604,1454.1978894054944,1436.8983626133645,1451.0085822298367,814.2232948310947,944.595329256433,1084.0570471414012,1288.9150132198736,1228.7119539162304,0.381446825671108,-0.4550759633269886,deg,78
1068.0511118791023,1005.2443346552066,1341.0391812394125,1385.823630313529,1367.0368121033473,942.9354460789746,1041.2248690673803,1092.6256834825128,1240.3903232182804,1075.0535755274848,0.381446825671108,-0.4550759633269886,edge,78
1053.1752357500611,1329.3179075478436,1741.445455972828,1661.501469008704,1556.1917274754605,1147.6870719049646,1259.4453453799829,1169.1175184501815,1436.3486321108196,1371.575488106872,0.37613401276787894,-0.4626656960458872,node,79
1053.1752357500611,395.30503037343277,1296.3483284215533,1291.7296717595611,1296.1093361110175,519.0344776659264,744.2251136537245,888.8354367411364,1122.186434572976,1040.902235144043,0.37613401276787894,-0.4626656960458872,deg,79
1053.1752357500611,986.7506071758947,1407.6628763020653,1399.9622078833138,1401.6300276050918,894.5617319188394,977.8706096162335,1000.5834117233595,1228.7917502635285,1115.0512688427596,0.37613401276787894,-0.4626656960458872,edge,79
1053.232778495839,1012.6584956639762,1702.574382125682,1595.5029416855568,1500.1866249093546,1024.196950038962,1041.095433535235,991.3021779181448,1314.9463857560597,1202.8390172109775,0.37615456374851397,-0.46263633750212285,node,80
1053.232778495839,469.64199803345304,1384.1556954795753,1377.090415185474,1362.6144390503207,719.054947910978,883.6527809296547,976.4705150682967,1207.5440978718616,1100.4960303211785,0.37615456374851397,-0.46263633750212285,deg,80
1053.232778495839,1026.802567884983,1418.9175592120046,1429.1671479656388,1408.7663510946,969.4798056592412,1075.3287195653081,1045.7949275225312,1278.2481843876387,1166.9902871473778,0.37615456374851397,-0.46263633750212285,edge,80
1039.259655127316,990.0425536046346,1604.5081472728732,1530.8267237063596,1451.310792545791,998.6386056132199,1088.5798788826323,1129.917687594967,1266.1619474368056,1236.402264179584,0.37116416254546997,-0.46976548207790003,node,81
1039.259655127316,482.2952948228233,1362.724525124646,1370.359093657846,1370.594687114621,718.0955917762644,747.9537603204475,786.4435946319719,1242.8618916365197,1136.1097007622354,0.37116416254546997,-0.46976548207790003,deg,81
1039.259655127316,1171.940977751642,1386.2351011846677,1414.056447123732,1413.389661023613,1014.84540210286,1134.430882920202,1171.6001422221743,1282.6035546250162,1137.6597360248916,0.37116416254546997,-0.46976548207790003,edge,81
1047.308312454212,1155.1050727131624,1638.7262744816978,1529.7836248917715,1489.4427725252126,1050.1604300556035,1097.8758571728838,1089.4890369840673,1302.8820375021442,1227.9596267471293,0.37403868301936144,-0.46565902425805505,node,82
1047.308312454212,474.2199755267154,1392.859077069647,1434.7544137808893,1428.1897321178767,719.2412429142535,816.2501097659676,876.2201922776114,1284.0442216611464,1154.0006291660834,0.37403868301936144,-0.46565902425805505,deg,82
1047.308312454212,1081.822925538537,1362.8791058005397,1385.3160778755935,1373.082066466605,966.4200304306265,1032.658090818979,1019.0762456707512,1224.6251713420638,1101.0402370453462,0.37403868301936144,-0.46565902425805505,edge,82
1025.7407272334633,1220.223391781845,1648.0530987240252,1586.3624553820136,1469.828832615551,997.7429499715402,1029.7466693845,1027.9828115201876,1263.4568603561247,1215.0925322383343,0.36633597401195117,-0.47666289426864117,node,83
1025.7407272334633,370.62756769428483,1429.292202851787,1478.9197061291648,1464.7905035827723,639.736398869759,818.374709828022,950.7927727681891,1362.6784633212364,1207.1188071710174,0.36633597401195117,-0.47666289426864117,deg,83
1025.7407272334633,816.1512413176491,1398.3648113707186,1417.001839099702,1391.6856434216966,900.3156125325562,929.4590636508256,892.5720430101788,1269.02914970972,1149.1392657865688,0.36633597401195117,-0.47666289426864117,edge,83
1074.5077893321636,1105.308397145636,1504.4067808910568,1372.1413887748101,1347.0764858381565,989.1268624587323,1075.1252688786547,1105.616444056652,1115.1768692087758,1082.0730596247734,0.38375278190434414,-0.4517817401366512,node,84
1074.5077893321636,503.3405124692526,1414.592795036324,1405.531313354237,1399.9246760784677,694.8141782586104,899.5076407498701,956.6673747643607,1254.4179276181203,1143.0034368823513,0.38375278190434414,-0.4517817401366512,deg,84
1074.5077893321636,1170.505019206068,1495.1594786416244,1511.4505415492922,1493.3829616432147,1130.9076753915454,1189.7005589918285,1191.563236972954,1367.7409474422334,1213.0630612420298,0.38375278190434414,-0.4517817401366512,edge,84
1048.0417129337486,942.3873759972573,1433.4822448115049,1277.7936891864367,1217.2384343468352,956.1167162515811,1011.8493995590303,969.4669103509058,1046.5699476596465,971.8310200834786,0.3743006117620531,-0.4652848403399241,node,85
1048.0417129337486,460.25315872955696,1353.296322098535,1377.5974118366487,1373.4154332108915,710.957282287007,968.285546743555,1116.6523279944709,1227.7881561984161,1114.6789799056633,0.3743006117620531,-0.4652848403399241,deg,85
1048.0417129337486,1217.4390606869902,1391.55331698542,1423.0847584068174,1407.9151728102183,1053.3705705434654,1188.8532307351297,1219.2132629035023,1317.2396264347565,1171.9141567193544,0.3743006117620531,-0.4652848403399241,edge,85
1074.7951921086753,1143.294231989823,1506.9025598085439,1462.8042318256869,1342.4168358894208,1050.602372656511,1089.7813777968581,1020.5945154585226,1171.4593636656416,1063.6110744616847,0.38385542575309833,-0.45163510606700236,node,86
1074.7951921086753,599.435204793503,1416.224056113944,1447.9344192451686,1424.9798498835776,847.2291063181739,988.6286165246098,1045.5063505041785,1309.7145911843977,1165.4784622690563,0.38385542575309833,-0.45163510606700236,deg,86
1074.7951921086753,1057.487532105095,1392.5828770842238,1421.1984140130787,1404.9476552510014,957.5537435425666,1040.8437374075343,1015.7653145339303,1287.870749986396,1127.6145505171578,0.38385542575309833,-0.45163510606700236,edge,86
1041.4164629540996,1470.0408759258853,1758.6593805038651,1577.1897383133846,1489.8521235148082,1203.654499993895,1294.796789146021,1197.989119581534,1321.294849618728,1254.4067595219651,0.3719344510550356,-0.4686650699213777,node,87
1041.4164629540996,486.62570156257715,1452.5943528584405,1494.077495880683,1463.9500948269715,819.6969275199624,995.3595179157338,1045.06493618249,1365.3444076887247,1224.0440873410398,0.3719344510550356,-0.4686650699213777,deg,87
1041.4164629540996,947.4732644832467,1285.1049545297096,1318.3135809813023,1297.0695056713296,859.4806280162156,902.4641832079994,912.6917824114928,1183.3073594282807,1056.947125510501,0.3719344510550356,-0.4686650699213777,edge,87
1079.1779604590683,1008.4175570447463,1558.958790516812,1367.8423517710294,1332.5348185452806,872.7655258625593,918.5798840516294,926.3743519845857,1156.728734838724,1104.705022322499,0.38542070016395297,-0.44939899976578146,node,88
1079.1779604590683,482.4892876439817,1266.244305435586,1293.1421555450297,1291.3412471686677,841.6220624016515,876.0368676191333,894.6499574149567,1129.2004773397164,1021.6904354270546,0.38542070016395297,-0.44939899976578146,deg,88
1079.1779604590683,1245.6627729432232,1460.4723407401598,1530.9614465136624,1524.708883619851,1047.8827697640575,1137.692310657769,1169.9264112408366,1363.1344483651549,1243.6397035179218,0.38542070016395297,-0.44939899976578146,edge,88
1057.855005816458,1060.3491810464875,1619.6430552262605,1529.6681965042098,1477.1257694758922,1100.9062663455013,1080.3152856983704,1028.9526698416144,1309.4199345657873,1231.7378346525102,0.3778053592201636,-0.4602780582569091,node,89
1057.855005816458,519.5770768584597,1451.7582367969233,1485.7689151249833,1484.8589328813696,776.7013999207869,948.7151476423184,1016.2478183941986,1368.8112933426544,1261.710819688448,0.3778053592201636,-0.4602780582569091,deg,89
1057.855005816458,1002.2020391014162,1314.6122256706587,1368.1652814512101,1334.9608429282678,1005.7745189898885,1039.8803547204348,1011.4012938726657,1229.8949889268445,1056.7949537469751,0.3778053592201636,-0.4602780582569091,edge,89
1075.5330392211551,1077.7054028319133,1617.5221712185744,1530.374684624007,1486.6956658970219,1088.263489683092,1137.3967769179997,1121.3602222613258,1302.8234756269271,1242.496691807463,0.384118942578984,-0.4512586534585943,node,90
1075.5330392211551,466.7904264463793,1514.0756460472924,1534.5381164726343,1519.6750484301722,726.9861350413477,936.117821929328,1031.2019936443505,1406.1666986659568,1303.9407533497365,0.384118942578984,-0.4512586534585943,deg,90
1075.5330392211551,1181.1441223299432,1394.2761577278895,1423.2331755253508,1413.09336020307,1040.4320291682393,1123.8544921607756,1115.6010514021484,1283.3694283800883,1156.2485971113827,0.384118942578984,-0.4512586534585943,edge,90
1038.7744846244484,1076.6991399775634,1615.3758925354196,1479.8092208953647,1457.5491104343798,998.520953333997,1033.5717202474546,1035.245925749278,1294.6595197236638,1218.399810702173,0.37099088736587443,-0.4700130180487508,node,91
1038.7744846244484,680.9397103218608,1443.6106083982456,1476.5182525981186,1445.1786862406805,870.2957266638485,996.1536142039574,1043.3981704397747,1322.5138064631378,1142.318328790255,0.37099088736587443,-0.4700130180487508,deg,91
1038.7744846244484,984.8676386005175,1385.6098759401805,1422.8753159357454,1403.3716458022595,1035.296638080209,1062.6662564918295,1044.8350247205992,1292.7798478374818,1136.8034078404917,0.37099088736587443,-0.4700130180487508,edge,91
1042.8007188902777,1038.0358774934498,1493.835043926787,1361.8692899427006,1297.2929568154577,892.1208371668793,975.6184757980915,1022.9460802516898,1120.5298551723372,1042.8265868955975,0.3724288281750992,-0.4679588168927154,node,92
1042.8007188902777,492.55280130246206,1388.1539520706062,1377.4861670112934,1369.6521900057053,683.2456073303406,918.6519131504195,998.3150750912482,1183.9504688027266,1080.954468600524,0.3724288281750992,-0.4679588168927154,deg,92
1042.8007188902777,964.2881676380189,1460.9797485318154,1482.8600314740538,1468.9316003283532,995.7751065995797,1063.7059062212209,1043.5049076367,1322.745804036027,1191.188113934214,0.3724288281750992,-0.4679588168927154,edge,92
1042.1768263758763,999.6720130543165,1550.3705565578025,1423.8200755103135,1376.878246602557,867.7394248877589,961.715996917715,998.8316270209839,1193.3231785322373,1161.7866541791036,0.37220600941995585,-0.46827712940006305,node,93
1042.1768263758763,452.27159463746545,1459.6644860878762,1471.7585149100964,1454.291168105798,740.3710610534779,956.7989927342277,1124.539646001355,1322.1605686937771,1211.4722467218787,0.37220600941995585,-0.46827712940006305,deg,93
1042.1768263758763,963.9236657518942,1340.6136344654055,1342.0623978686463,1332.632669784263,887.1580953798518,986.1360021131479,1025.780331095727,1220.6553170822542,1108.8531983639757,0.37220600941995585,-0.46827712940006305,edge,93
1036.189533236116,1047.803581761448,1608.1648063490884,1448.9902450654777,1408.7888753014438,958.5076234520308,1118.280185365447,1170.0835377069022,1162.4343162419675,1157.283521015451,0.37006769044147,-0.4713318707979,node,94
1036.189533236116,499.3866990330826,1386.7956100543433,1436.5830827134469,1423.8391927891125,716.1790527306888,879.7843490905137,957.1830920705332,1320.6457986280689,1161.9876490370177,0.37006769044147,-0.4713318707979,deg,94
1036.189533236116,1066.6756711034425,1348.9043809785678,1372.3677924855617,1360.508960530516,966.314976568766,1050.2586164590282,1042.335396959232,1254.7666613406893,1122.7662916822387,0.37006769044147,-0.4713318707979,edge,94
1041.4220974125644,1255.9879576346955,1599.250325722836,1480.9075804308748,1430.6191787605082,1091.6175012997226,1219.5893822482608,1238.2905362461404,1265.3310039789221,1223.4538977818931,0.37193646336163017,-0.46866219519767116,node,95
1041.4220974125644,464.3454880433887,1369.2362058036772,1362.7670710826533,1367.6378039510791,699.0896066038011,868.8198563532737,959.8299203926223,1192.5450807332666,1121.9235194575565,0.37193646336163017,-0.46866219519767116,deg,95
1041.4220974125644,1211.2636447252698,1369.0261481989226,1378.4288768332808,1373.656080925632,1102.2016665770682,1164.7113784036376,1152.059213337015,1218.162729955261,1121.4144430781305,0.37193646336163017,-0.46866219519767116,edge,95
1030.769536499652,1156.23964193031,1701.0820732359425,1513.4988109731867,1442.6868612335697,1075.8611552713053,1157.210729537116,1162.1274910390725,1224.428142750655,1126.202449883402,0.3681319773213043,-0.4740971752552795,node,96
1030.769536499652,455.4787012705725,1426.1640544503791,1438.9706626785328,1434.2405131191526,721.0834534221644,956.7600349432175,1067.8425379066605,1272.799617748225,1189.2082236232384,0.3681319773213043,-0.4740971752552795,deg,96
1030.769536499652,1006.0009962298427,1255.9199979163945,1271.9826503050413,1269.7669906889828,898.9852189869675,947.2134180817145,951.5602645352245,1086.2159401860329,1012.544114912257,0.3681319773213043,-0.4740971752552795,edge,96
1059.0192998804441,1273.6307073761175,1587.773761906249,1408.8850862354134,1361.0372249637348,996.3129764836768,1179.2885084976037,1188.6255967515021,1223.5241550451708,1182.6222152294374,0.37822117852873005,-0.45968403067324276,node,97
1059.0192998804441,438.97670456877984,1356.892877436518,1399.0170120248872,1401.1123356030846,750.881477839569,813.4285234314891,853.7188105183205,1261.0541248996271,1160.2156922796275,0.37822117852873005,-0.45968403067324276,deg,97
1059.0192998804441,967.6125103146101,1413.6478865728466,1449.5973569359362,1435.6243131040285,982.5341760575427,1062.7191648476883,1068.7908731536454,1313.3420655112275,1211.5419139671617,0.37822117852873005,-0.45968403067324276,edge,97
1024.4205335413171,1099.0430841094205,1746.8584883080948,1587.6490469943585,1509.2415739929515,1047.0714970941383,1096.3322245667632,1080.3716053405515,1327.642385094336,1243.5118847431415,0.3658644762647561,-0.4773364624789198,node,98
1024.4205335413171,440.60534246976175,1271.953934302914,1309.2151762743338,1283.318256940976,671.2441011896111,871.0956826833826,985.6024151010148,1154.6773192571145,1032.385654247373,0.3658644762647561,-0.4773364624789198,deg,98
1024.4205335413171,947.3604338213818,1364.9743370147703,1395.8397776135782,1389.4092063040823,948.1668492673778,1077.8709379642467,1077.207639743853,1230.6590205498987,1112.3835077163722,0.3658644762647561,-0.4773364624789198,edge,98
1063.4660261054655,884.1479302379222,1571.247456910376,1432.7497714777915,1352.5359893837337,966.1091151192074,1021.6147732252671,1008.2360560820066,1124.1648009664027,1094.0049300311873,0.37980929503766625,-0.4574152928033339,node,99
1063.4660261054655,423.47462982019175,1319.9513397555233,1319.57517061026,1325.8959383046229,763.5535707149379,788.7497296551661,787.036937545377,1123.7513823409124,1062.3202046895974,0.37980929503766625,-0.4574152928033339,deg,99
1063.4660261054655,1065.4806558291464,1396.330264741621,1411.9306374756923,1433.8350738027877,979.2848014238602,1063.5908128758583,1057.4809634406424,1262.498945474903,1179.3293724021228,0.37980929503766625,-0.4574152928033339,edge,99
1056.5699310146506,920.621951679619,1574.248975364649,1437.2439203882755,1358.5223570157948,839.2041789432606,894.4651268044158,928.273716644483,1157.611363492622,1087.46431106444,0.3773464039338038,-0.46093370866599453,node,100
1056.5699310146506,529.2906619197493,1432.2374096337821,1461.2807197248098,1437.8853133198847,770.0089653143442,919.7384230802502,987.1063200175289,1255.4545691526007,1140.8547236760717,0.3773464039338038,-0.46093370866599453,deg,100
1056.5699310146506,938.0552350690847,1451.7803266751941,1491.3394617697354,1483.956049725219,975.5356443359304,989.7772864007128,960.7961691004543,1335.2548796323676,1201.5573084795878,0.3773464039338038,-0.46093370866599453,edge,100
